{
	"holiday": {
	"passenger":{
		"name": "Joey Tierney",
		"seat": "24C",
		"departure": "MAR4, 12:15 PM",
		"name2": "Jason Ajax",
		"seat2": "24B",
		"departure2": "MAR4, 12:15 PM"
		},
	"flightdetails":[
	{"destination": "Rome, Italy"},
	{"origin": "Dublin, Ireland"},
	{"arrival": "15:25 PM"}
		],
	"hoteldetails":[
	{"hotelname": "Radisson Hotel"},
	{"checkin": "March 4, 16:30 PM"},
	{"checkout": "March 11, 14:00 PM"}
	],
	"returnpassenger":{
		"name": "Joey Tierney",
		"seat": "59A",
		"departure": "MAR11, 16:05 PM",
		"name2": "Jason Ajax",
		"seat2": "59B",
	"departure2": "MAR11, 16:05 PM"},
	"returnflight":{
		"returndestination": "Dublin, Ireland",
		"returnorigin": "Rome, Italy",
		"arrival": "17:20 PM"
	}
  }
}